Student_ID,Study_Hours,Screen_Time_Hours,Exam_Score
STU001,17.483570765056164,3.1948571035281805,71.62798347129575
STU002,14.308678494144075,1.3922819067113297,57.84154286793802
STU003,18.23844269050346,1.1267537170772877,75.73575116285201
STU004,22.61514928204013,5.813242073389626,74.14592416931916
STU005,13.82923312638332,5.1799006025610295,62.77174125324439
STU006,13.829315215254097,4.47987103046849,69.18631597679892
STU007,22.896064077536955,3.044764722071349,76.40919567005857
STU008,18.837173645764544,1.8664716003542288,69.1765911022709
STU009,12.65262807032524,1.7821852133554303,58.23438721506609
STU010,17.712800217929825,2.2512144908229765,66.95425786298082
STU012,12.671351232148716,4.572979613500312,58.151224609951285
STU013,16.20981135783017,4.300986883588656,61.41237013232195
STU014,5.43359877671101,2.3996694847297144,43.84828703130495
STU015,6.375410837434837,5.77432640331597,40.34820690542143
STU016,12.188562353795136,4.689484583478842,63.01457479841947
STU017,9.93584439832788,3.7717702625570033,48.72584450697639
STU018,16.571236662976368,4.058603731171761,65.16847459372532
STU019,10.459879622393943,3.0980003121389497,56.265804038745365
STU020,7.938481493323542,2.238654947505787,42.54120201957598
STU022,13.871118497567322,4.789230552321845,65.74503171177783
STU023,15.33764102343962,1.0719674431487791,57.312877313322254
STU024,7.8762590689327165,1.5803632025345813,48.06630538578119
STU025,12.278086377374088,1.2300132101087635,58.05132120721669
STU026,15.55461294854933,1.2036440115948506,67.34743997391777
STU027,9.245032112888486,5.277302920055036,45.39126780484234
STU029,11.996806550405974,3.370869145436626,58.480740673360735
STU030,13.541531251033616,1.4891708032550075,60.9793074452067
STU032,24.261390922544688,3.3673588539028283,84.76085286758622
STU033,14.932513876310331,1.866009349550076,60.13143164156877
STU034,9.711445355220498,3.169258246189865,52.29419457012911
STU036,8.895781750144888,4.079250490261082,46.71331417821328
STU037,16.044317975023777,4.175468254338218,72.76059758963135
STU038,5.201649380601122,1.2265200488602226,43.33896032096962
STU039,8.359069755507846,2.8730630731323563,43.62473947330667
STU040,15.984306179345618,4.129299578571182,67.79168802909567
STU041,18.692332899977053,3.5156812929004384,67.22440569904022
STU042,15.856841405949853,5.282449205941611,68.0333895080595
STU043,14.421758588058797,4.293468158094726,66.36225120975897
STU044,13.494481522053556,1.8146721354071484,56.40513007511098
STU045,7.607390048162863,1.352843737002149,50.58976262293559
STU046,11.400778958026455,4.212096391031578,56.732837415404205
STU047,12.696806145201062,1.1325565527081092,61.2212141594203
STU048,20.285611131094576,3.928877906367316,82.21551641902387
STU049,16.71809144784231,5.701151207124788,65.7982487212416
STU050,6.18479922318633,3.877370889379395,40.59161363357997
STU051,16.620419846973974,2.9408496310326093,63.00686594484065
STU053,11.615389998470206,3.291264452457584,55.24545115897804
STU054,18.05838144420434,3.728083946579675,71.09304707651613
STU055,20.154997612479757,5.707324043882625,75.44775794477553
STU056,19.656400595580998,2.930513189003871,76.55281430642229
STU057,10.803912383886807,5.805952819119571,53.82061481206261
STU058,13.453938120743928,5.526753209780319,65.41280017426591
STU059,16.65631715701782,1.9789556739464824,65.58527041248738
STU060,19.8777256356118,1.3468065043758273,84.61167306470443
STU061,12.60412881077355,1.5038900068871333,60.23175277476184
STU062,14.071705116680914,1.0911091282577488,57.529121031032886
STU063,9.46832512996986,1.472214803779642,46.54674529368924
STU065,19.062629111970992,1.3559432423011448,71.04393290503279
STU067,14.63994939209833,5.2243765548472725,64.10083916091051
STU068,20.01766448946012,1.1163596786791294,73.74754622618477
STU069,16.80818012523817,5.072342412944679,63.59082140325036
STU071,16.80697802754207,1.5908241381082813,65.18929185232449
STU072,22.69018283232985,4.483685826820754,83.34399740841955
STU073,14.820869804450242,4.144714233899419,63.46228854631136
STU074,22.82321827907003,5.387360067635265,75.22812509910611
STU075,2.0,4.675355219019429,35.09272370340473
STU076,19.10951252187612,5.017404651924243,73.5821970670428
STU077,15.435235341190856,2.410172862856532,60.42208800581536
STU078,13.504963247670664,1.887197718898614,60.32581956865757
STU079,15.458803882677511,4.753073758204292,64.24220341567452
STU080,5.062155426995536,5.03417369633632,36.56486074806769
STU081,13.90164056081244,5.952525710003367,62.0147586751805
STU082,16.78556285755873,3.0630883845571324,69.17137639210215
STU083,22.38947022370758,2.860090428963916,83.58903946485779
STU085,10.95753198553406,2.704017701265089,48.59589289634657
STU086,12.491214782077318,5.653786628017824,53.729372360909615
STU087,19.57701058851037,5.2920637592150594,75.12956436355745
STU088,16.643755548298422,3.1449701368750915,68.67140600990535
STU089,12.351198981164806,4.754355338957486,59.23282850378676
STU091,15.4853877467402,1.515619344179663,66.35141508560112
STU092,19.84322495266445,5.512764533397833,78.19735745658419
STU093,11.489734530613235,3.5262618622392856,59.09342302132194
STU094,13.361689267011158,5.132287330538708,62.00128139264774
STU095,13.039459234339212,2.600248005153059,57.42573333698488
STU096,7.682425259339407,5.477616142481002,49.93721245251976
STU097,16.48060138532288,2.9460083936708155,63.16602218956005
STU098,16.305276360899448,1.0541882574014918,64.92433356701875
STU099,15.025567283212304,5.526909882096319,61.11479383175065
STU100,13.827064333124266,1.4564333839306678,60.74703809041868
STU101,7.923146289747929,2.5965681879520743,56.68955610413949
STU102,12.896773386173203,5.750309835254025,50.903840679214056
STU103,13.286427417366152,5.7530357346877805,61.97518107970359
STU104,10.988613653891903,3.867189440616431,47.72408655380359
STU106,17.020254284072692,3.2422276098915987,71.80036181282938
STU108,15.872889064159194,2.64332272684958,60.60937682943301
STU109,16.28775195361382,4.362592280385192,62.97183946091054
STU110,14.627770421169163,4.7618726471884,64.89948592231087
STU111,5.406143923504793,4.957895218629242,38.972050104842
STU112,14.867430622753917,4.9480907139727694,63.57418172838652
STU114,27.31621056242643,3.472101523512907,87.48926184691489
STU115,14.038195176094389,1.2877938000832214,69.45980574470896
STU116,16.507736711668063,3.7476444116186776,68.85269685494178
STU117,14.826441151473784,3.207652506866885,54.5176001866119
STU118,9.15660981190234,5.438520913791499,50.89035884526285
STU119,20.714114072575104,2.7545750627603933,72.92390510059168
